<?xml version="1.0" encoding="UTF-8"?>
<GenRun Id="impl_1" LaunchPart="xc7a35tcpg236-1" LaunchTime="1454699984">
  <File Type="OPT-DCP" Name="RAT_wrapper_opt.dcp"/>
  <File Type="RUN-CONSTRS" Name="$PDATADIR/runs/impl_1/constrs_in.xml"/>
  <File Type="RUN-SRCS" Name="$PDATADIR/runs/impl_1/sources.xml"/>
  <File Type="ROUTE-DCP" Name="RAT_wrapper_routed.dcp"/>
  <File Type="PA-TCL" Name="RAT_wrapper.tcl"/>
  <File Type="RUN-STRAT" Name="$PDATADIR/runs/impl_1/impl_1.psg"/>
  <File Type="OPT-DRC" Name="RAT_wrapper_drc_opted.rpt"/>
  <File Type="INIT-TIMING" Name="RAT_wrapper_timing_summary_init.rpt"/>
  <File Type="OPT-TIMING" Name="RAT_wrapper_timing_summary_opted.rpt"/>
  <File Type="OPT-HWDEF" Name="RAT_wrapper.hwdef"/>
  <File Type="PWROPT-DCP" Name="RAT_wrapper_pwropt.dcp"/>
  <File Type="PWROPT-DRC" Name="RAT_wrapper_drc_pwropted.rpt"/>
  <File Type="PWROPT-TIMING" Name="RAT_wrapper_timing_summary_pwropted.rpt"/>
  <File Type="PLACE-DCP" Name="RAT_wrapper_placed.dcp"/>
  <File Type="PLACE-IO" Name="RAT_wrapper_io_placed.rpt"/>
  <File Type="PLACE-CLK" Name="RAT_wrapper_clock_utilization_placed.rpt"/>
  <File Type="PLACE-UTIL" Name="RAT_wrapper_utilization_placed.rpt"/>
  <File Type="PLACE-UTIL-PB" Name="RAT_wrapper_utilization_placed.pb"/>
  <File Type="PLACE-CTRL" Name="RAT_wrapper_control_sets_placed.rpt"/>
  <File Type="PLACE-SIMILARITY" Name="RAT_wrapper_incremental_reuse_placed.rpt"/>
  <File Type="PLACE-PRE-SIMILARITY" Name="RAT_wrapper_incremental_reuse_pre_placed.rpt"/>
  <File Type="PLACE-TIMING" Name="RAT_wrapper_timing_summary_placed.rpt"/>
  <File Type="POSTPLACE-PWROPT-DCP" Name="RAT_wrapper_postplace_pwropt.dcp"/>
  <File Type="POSTPLACE-PWROPT-TIMING" Name="RAT_wrapper_timing_summary_postplace_pwropted.rpt"/>
  <File Type="PHYSOPT-DCP" Name="RAT_wrapper_physopt.dcp"/>
  <File Type="RDI-RDI" Name="RAT_wrapper.vdi"/>
  <File Type="PHYSOPT-DRC" Name="RAT_wrapper_drc_physopted.rpt"/>
  <File Type="PHYSOPT-TIMING" Name="RAT_wrapper_timing_summary_physopted.rpt"/>
  <File Type="ROUTE-DRC" Name="RAT_wrapper_drc_routed.rpt"/>
  <File Type="ROUTE-DRC-PB" Name="RAT_wrapper_drc_routed.pb"/>
  <File Type="ROUTE-PWR" Name="RAT_wrapper_power_routed.rpt"/>
  <File Type="ROUTE-PWR-SUM" Name="RAT_wrapper_power_summary_routed.pb"/>
  <File Type="ROUTE-STATUS" Name="RAT_wrapper_route_status.rpt"/>
  <File Type="ROUTE-STATUS-PB" Name="RAT_wrapper_route_status.pb"/>
  <File Type="ROUTE-TIMINGSUMMARY" Name="RAT_wrapper_timing_summary_routed.rpt"/>
  <File Type="ROUTE-TIMING-PB" Name="RAT_wrapper_timing_summary_routed.pb"/>
  <File Type="ROUTE-TIMING-RPX" Name="RAT_wrapper_timing_summary_routed.rpx"/>
  <File Type="ROUTE-SIMILARITY" Name="RAT_wrapper_incremental_reuse_routed.rpt"/>
  <File Type="ROUTE-CLK" Name="RAT_wrapper_clock_utilization_routed.rpt"/>
  <File Type="POSTROUTE-PHYSOPT-DCP" Name="RAT_wrapper_postroute_physopt.dcp"/>
  <File Type="POSTROUTE-PHYSOPT-TIMING" Name="RAT_wrapper_timing_summary_postroute_physopted.rpt"/>
  <File Type="POSTROUTE-PHYSOPT-TIMING-PB" Name="RAT_wrapper_timing_summary_postroute_physopted.pb"/>
  <File Type="POSTROUTE-PHYSOPT-TIMING-RPX" Name="RAT_wrapper_timing_summary_postroute_physopted.rpx"/>
  <File Type="BG-BIT" Name="RAT_wrapper.bit"/>
  <File Type="BG-BIN" Name="RAT_wrapper.bin"/>
  <File Type="BITSTR-MSK" Name="RAT_wrapper.msk"/>
  <File Type="BITSTR-RBT" Name="RAT_wrapper.rbt"/>
  <File Type="BITSTR-NKY" Name="RAT_wrapper.nky"/>
  <File Type="BITSTR-BMM" Name="RAT_wrapper_bd.bmm"/>
  <File Type="BITSTR-MMI" Name="RAT_wrapper.mmi"/>
  <File Type="BITSTR-SYSDEF" Name="RAT_wrapper.sysdef"/>
  <File Type="BG-BGN" Name="RAT_wrapper.bgn"/>
  <File Type="BG-DRC" Name="RAT_wrapper.drc"/>
  <File Type="WBT-USG" Name="usage_statistics_webtalk.html"/>
  <FileSet Name="sources" Type="DesignSrcs" RelSrcDir="$PSRCDIR/sources_1">
    <Filter Type="Srcs"/>
    <File Path="$PPRDIR/../../counter/counter/counter.srcs/sources_1/new/programCounter.vhd">
      <FileInfo>
        <Attr Name="UsedIn" Val="synthesis"/>
        <Attr Name="UsedIn" Val="simulation"/>
      </FileInfo>
    </File>
    <File Path="$PPRDIR/../../memory/RegisterFile.vhd">
      <FileInfo>
        <Attr Name="UsedIn" Val="synthesis"/>
        <Attr Name="UsedIn" Val="simulation"/>
      </FileInfo>
    </File>
    <File Path="$PPRDIR/../../counter/counter/counter.srcs/sources_1/new/counter.vhd">
      <FileInfo>
        <Attr Name="UsedIn" Val="synthesis"/>
        <Attr Name="UsedIn" Val="simulation"/>
      </FileInfo>
    </File>
    <File Path="$PSRCDIR/sources_1/new/ControlUnit.vhd">
      <FileInfo>
        <Attr Name="UsedIn" Val="synthesis"/>
        <Attr Name="UsedIn" Val="simulation"/>
      </FileInfo>
    </File>
    <File Path="$PSRCDIR/sources_1/new/FlagReg.vhd">
      <FileInfo>
        <Attr Name="UsedIn" Val="synthesis"/>
        <Attr Name="UsedIn" Val="simulation"/>
      </FileInfo>
    </File>
    <File Path="$PPRDIR/../../ALU/ALU.srcs/sources_1/new/ALU.vhd">
      <FileInfo>
        <Attr Name="UsedIn" Val="synthesis"/>
        <Attr Name="UsedIn" Val="simulation"/>
      </FileInfo>
    </File>
    <File Path="$PSRCDIR/sources_1/new/prog_rom.vhd">
      <FileInfo>
        <Attr Name="UsedIn" Val="synthesis"/>
        <Attr Name="UsedIn" Val="simulation"/>
      </FileInfo>
    </File>
    <File Path="$PSRCDIR/sources_1/new/RAT_CPU.vhd">
      <FileInfo>
        <Attr Name="UsedIn" Val="synthesis"/>
        <Attr Name="UsedIn" Val="simulation"/>
      </FileInfo>
    </File>
    <File Path="$PSRCDIR/sources_1/new/RAT_Wrapper.vhd">
      <FileInfo>
        <Attr Name="UsedIn" Val="synthesis"/>
        <Attr Name="UsedIn" Val="simulation"/>
      </FileInfo>
    </File>
    <Config>
      <Option Name="DesignMode" Val="RTL"/>
      <Option Name="TopModule" Val="RAT_wrapper"/>
      <Option Name="TopAutoSet" Val="TRUE"/>
    </Config>
  </FileSet>
  <FileSet Name="constrs_in" Type="Constrs" RelSrcDir="$PSRCDIR/constrs_1">
    <Filter Type="Constrs"/>
    <File Path="$PPRDIR/Basys3_Master.xdc">
      <FileInfo>
        <Attr Name="UsedIn" Val="synthesis"/>
        <Attr Name="UsedIn" Val="implementation"/>
      </FileInfo>
    </File>
    <Config>
      <Option Name="ConstrsType" Val="XDC"/>
    </Config>
  </FileSet>
  <Strategy Version="1" Minor="2">
    <StratHandle Name="Vivado Implementation Defaults" Flow="Vivado Implementation 2015"/>
    <Step Id="init_design"/>
    <Step Id="opt_design"/>
    <Step Id="power_opt_design"/>
    <Step Id="place_design"/>
    <Step Id="post_place_power_opt_design"/>
    <Step Id="phys_opt_design"/>
    <Step Id="route_design"/>
    <Step Id="post_route_phys_opt_design"/>
    <Step Id="write_bitstream"/>
  </Strategy>
</GenRun>
